[{"model": "admin.logentry", "pk": 1, "fields": {"action_time": "2022-01-04T18:45:59.615Z", "user": 1, "content_type": 7, "object_id": "1", "object_repr": "celtic-blink.com", "action_flag": 2, "change_message": "[{\"changed\": {\"fields\": [\"Domain name\", \"Display name\"]}}]"}}, {"model": "admin.logentry", "pk": 2, "fields": {"action_time": "2022-01-04T18:56:06.558Z", "user": 1, "content_type": 8, "object_id": "1", "object_repr": "komfalos1@gmail.com", "action_flag": 2, "change_message": "[{\"changed\": {\"fields\": [\"Verified\", \"Primary\"]}}]"}}, {"model": "admin.logentry", "pk": 3, "fields": {"action_time": "2022-01-14T14:23:57.462Z", "user": 1, "content_type": 7, "object_id": "1", "object_repr": "celtic-blink.com", "action_flag": 2, "change_message": "[]"}}, {"model": "admin.logentry", "pk": 4, "fields": {"action_time": "2022-01-14T16:57:22.928Z", "user": 1, "content_type": 14, "object_id": "1", "object_repr": "celtic_knot_rings", "action_flag": 1, "change_message": "[{\"added\": {}}]"}}, {"model": "admin.logentry", "pk": 5, "fields": {"action_time": "2022-01-14T16:57:43.015Z", "user": 1, "content_type": 14, "object_id": "2", "object_repr": "trinity_rings", "action_flag": 1, "change_message": "[{\"added\": {}}]"}}, {"model": "admin.logentry", "pk": 6, "fields": {"action_time": "2022-01-14T16:57:56.328Z", "user": 1, "content_type": 14, "object_id": "3", "object_repr": "triskele_rings", "action_flag": 1, "change_message": "[{\"added\": {}}]"}}, {"model": "admin.logentry", "pk": 7, "fields": {"action_time": "2022-01-14T16:58:15.584Z", "user": 1, "content_type": 14, "object_id": "4", "object_repr": "celtic_knot_earrings", "action_flag": 1, "change_message": "[{\"added\": {}}]"}}, {"model": "admin.logentry", "pk": 8, "fields": {"action_time": "2022-01-14T16:58:32.340Z", "user": 1, "content_type": 14, "object_id": "5", "object_repr": "trinity_earrings", "action_flag": 1, "change_message": "[{\"added\": {}}]"}}, {"model": "admin.logentry", "pk": 9, "fields": {"action_time": "2022-01-14T16:58:48.100Z", "user": 1, "content_type": 14, "object_id": "6", "object_repr": "triskele_earrings", "action_flag": 1, "change_message": "[{\"added\": {}}]"}}, {"model": "admin.logentry", "pk": 10, "fields": {"action_time": "2022-01-14T16:59:16.843Z", "user": 1, "content_type": 14, "object_id": "7", "object_repr": "celtic_knot_pendants", "action_flag": 1, "change_message": "[{\"added\": {}}]"}}, {"model": "admin.logentry", "pk": 11, "fields": {"action_time": "2022-01-14T16:59:46.300Z", "user": 1, "content_type": 14, "object_id": "8", "object_repr": "trinity_pendants", "action_flag": 1, "change_message": "[{\"added\": {}}]"}}, {"model": "admin.logentry", "pk": 12, "fields": {"action_time": "2022-01-14T17:00:02.801Z", "user": 1, "content_type": 14, "object_id": "9", "object_repr": "triskele_pendants", "action_flag": 1, "change_message": "[{\"added\": {}}]"}}, {"model": "admin.logentry", "pk": 13, "fields": {"action_time": "2022-01-14T17:01:06.024Z", "user": 1, "content_type": 14, "object_id": "9", "object_repr": "triskele_pendants", "action_flag": 2, "change_message": "[{\"changed\": {\"fields\": [\"Friendly name\"]}}]"}}, {"model": "admin.logentry", "pk": 14, "fields": {"action_time": "2022-01-14T17:01:22.371Z", "user": 1, "content_type": 14, "object_id": "8", "object_repr": "trinity_pendants", "action_flag": 2, "change_message": "[{\"changed\": {\"fields\": [\"Friendly name\"]}}]"}}, {"model": "admin.logentry", "pk": 15, "fields": {"action_time": "2022-01-14T17:01:32.600Z", "user": 1, "content_type": 14, "object_id": "7", "object_repr": "celtic_knot_pendants", "action_flag": 2, "change_message": "[{\"changed\": {\"fields\": [\"Friendly name\"]}}]"}}, {"model": "admin.logentry", "pk": 16, "fields": {"action_time": "2022-01-14T17:01:39.719Z", "user": 1, "content_type": 14, "object_id": "6", "object_repr": "triskele_earrings", "action_flag": 2, "change_message": "[{\"changed\": {\"fields\": [\"Friendly name\"]}}]"}}, {"model": "admin.logentry", "pk": 17, "fields": {"action_time": "2022-01-14T17:01:46.143Z", "user": 1, "content_type": 14, "object_id": "5", "object_repr": "trinity_earrings", "action_flag": 2, "change_message": "[{\"changed\": {\"fields\": [\"Friendly name\"]}}]"}}, {"model": "admin.logentry", "pk": 18, "fields": {"action_time": "2022-01-14T17:02:04.398Z", "user": 1, "content_type": 14, "object_id": "4", "object_repr": "celtic_knot_earrings", "action_flag": 2, "change_message": "[{\"changed\": {\"fields\": [\"Friendly name\"]}}]"}}, {"model": "admin.logentry", "pk": 19, "fields": {"action_time": "2022-01-14T17:02:21.862Z", "user": 1, "content_type": 14, "object_id": "3", "object_repr": "triskele_rings", "action_flag": 2, "change_message": "[{\"changed\": {\"fields\": [\"Friendly name\"]}}]"}}, {"model": "admin.logentry", "pk": 20, "fields": {"action_time": "2022-01-14T17:02:29.438Z", "user": 1, "content_type": 14, "object_id": "2", "object_repr": "trinity_rings", "action_flag": 2, "change_message": "[{\"changed\": {\"fields\": [\"Friendly name\"]}}]"}}, {"model": "admin.logentry", "pk": 21, "fields": {"action_time": "2022-01-14T17:02:41.072Z", "user": 1, "content_type": 14, "object_id": "1", "object_repr": "celtic_knot_rings", "action_flag": 2, "change_message": "[{\"changed\": {\"fields\": [\"Friendly name\"]}}]"}}, {"model": "admin.logentry", "pk": 22, "fields": {"action_time": "2022-01-14T17:18:45.123Z", "user": 1, "content_type": 13, "object_id": "1", "object_repr": "Horizontal Padlock Knot Ring", "action_flag": 1, "change_message": "[{\"added\": {}}]"}}, {"model": "admin.logentry", "pk": 23, "fields": {"action_time": "2022-01-14T17:38:54.986Z", "user": 1, "content_type": 13, "object_id": "2", "object_repr": "Celtic Loop Ring", "action_flag": 1, "change_message": "[{\"added\": {}}]"}}, {"model": "admin.logentry", "pk": 24, "fields": {"action_time": "2022-01-14T17:40:44.212Z", "user": 1, "content_type": 13, "object_id": "3", "object_repr": "Double Looped Knot Ring", "action_flag": 1, "change_message": "[{\"added\": {}}]"}}, {"model": "admin.logentry", "pk": 25, "fields": {"action_time": "2022-01-14T17:53:51.155Z", "user": 1, "content_type": 13, "object_id": "4", "object_repr": "Horizontal Spiky Knot", "action_flag": 1, "change_message": "[{\"added\": {}}]"}}, {"model": "admin.logentry", "pk": 26, "fields": {"action_time": "2022-01-14T17:55:38.340Z", "user": 1, "content_type": 13, "object_id": "5", "object_repr": "Celtic Heart Ring", "action_flag": 1, "change_message": "[{\"added\": {}}]"}}, {"model": "admin.logentry", "pk": 27, "fields": {"action_time": "2022-01-14T17:57:16.548Z", "user": 1, "content_type": 13, "object_id": "6", "object_repr": "Dainty Padlock Ring", "action_flag": 1, "change_message": "[{\"added\": {}}]"}}, {"model": "admin.logentry", "pk": 28, "fields": {"action_time": "2022-01-14T18:00:11.359Z", "user": 1, "content_type": 13, "object_id": "7", "object_repr": "Elongated Trinity Ring", "action_flag": 1, "change_message": "[{\"added\": {}}]"}}, {"model": "admin.logentry", "pk": 29, "fields": {"action_time": "2022-01-14T18:01:47.587Z", "user": 1, "content_type": 13, "object_id": "8", "object_repr": "Band with Trinity Stamp Ring", "action_flag": 1, "change_message": "[{\"added\": {}}]"}}, {"model": "admin.logentry", "pk": 30, "fields": {"action_time": "2022-01-14T18:03:40.178Z", "user": 1, "content_type": 13, "object_id": "9", "object_repr": "Overlapping Trinity Ring", "action_flag": 1, "change_message": "[{\"added\": {}}]"}}, {"model": "admin.logentry", "pk": 31, "fields": {"action_time": "2022-01-14T18:05:08.838Z", "user": 1, "content_type": 13, "object_id": "10", "object_repr": "Knotted Trinity Ring", "action_flag": 1, "change_message": "[{\"added\": {}}]"}}, {"model": "admin.logentry", "pk": 32, "fields": {"action_time": "2022-01-14T18:06:44.986Z", "user": 1, "content_type": 13, "object_id": "11", "object_repr": "Simple Trinity Ring", "action_flag": 1, "change_message": "[{\"added\": {}}]"}}, {"model": "admin.logentry", "pk": 33, "fields": {"action_time": "2022-01-14T18:09:29.138Z", "user": 1, "content_type": 13, "object_id": "12", "object_repr": "Triple Spiral with Window Ring", "action_flag": 1, "change_message": "[{\"added\": {}}]"}}, {"model": "admin.logentry", "pk": 34, "fields": {"action_time": "2022-01-14T18:14:04.188Z", "user": 1, "content_type": 13, "object_id": "13", "object_repr": "Solid Band with Stamp Ring", "action_flag": 1, "change_message": "[{\"added\": {}}]"}}, {"model": "admin.logentry", "pk": 35, "fields": {"action_time": "2022-01-14T18:15:30.623Z", "user": 1, "content_type": 13, "object_id": "14", "object_repr": "Vintage Emblem Ring", "action_flag": 1, "change_message": "[{\"added\": {}}]"}}, {"model": "admin.logentry", "pk": 36, "fields": {"action_time": "2022-01-14T18:22:42.219Z", "user": 1, "content_type": 13, "object_id": "15", "object_repr": "Celtic Wreath Earrings", "action_flag": 1, "change_message": "[{\"added\": {}}]"}}, {"model": "admin.logentry", "pk": 37, "fields": {"action_time": "2022-01-14T18:24:31.812Z", "user": 1, "content_type": 13, "object_id": "16", "object_repr": "Celtic Cascade Earrings", "action_flag": 1, "change_message": "[{\"added\": {}}]"}}, {"model": "admin.logentry", "pk": 38, "fields": {"action_time": "2022-01-14T18:26:00.936Z", "user": 1, "content_type": 13, "object_id": "17", "object_repr": "Threefold Flower Earrings", "action_flag": 1, "change_message": "[{\"added\": {}}]"}}, {"model": "admin.logentry", "pk": 39, "fields": {"action_time": "2022-01-14T18:27:18.128Z", "user": 1, "content_type": 13, "object_id": "18", "object_repr": "Celtic Compass Earrings", "action_flag": 1, "change_message": "[{\"added\": {}}]"}}, {"model": "admin.logentry", "pk": 40, "fields": {"action_time": "2022-01-14T18:28:23.161Z", "user": 1, "content_type": 13, "object_id": "19", "object_repr": "Shield Knot Earrings", "action_flag": 1, "change_message": "[{\"added\": {}}]"}}, {"model": "admin.logentry", "pk": 41, "fields": {"action_time": "2022-01-14T18:33:31.011Z", "user": 1, "content_type": 13, "object_id": "20", "object_repr": "Kells Triangle Earrings", "action_flag": 1, "change_message": "[{\"added\": {}}]"}}, {"model": "admin.logentry", "pk": 42, "fields": {"action_time": "2022-01-14T18:33:44.743Z", "user": 1, "content_type": 13, "object_id": "19", "object_repr": "Shield Knot Earrings", "action_flag": 2, "change_message": "[]"}}, {"model": "admin.logentry", "pk": 43, "fields": {"action_time": "2022-01-14T18:34:00.061Z", "user": 1, "content_type": 13, "object_id": "20", "object_repr": "Kells Triangle Earrings", "action_flag": 2, "change_message": "[{\"changed\": {\"fields\": [\"Sku\"]}}]"}}, {"model": "admin.logentry", "pk": 44, "fields": {"action_time": "2022-01-14T18:36:56.888Z", "user": 1, "content_type": 13, "object_id": "21", "object_repr": "Knotted Three Worlds", "action_flag": 1, "change_message": "[{\"added\": {}}]"}}, {"model": "admin.logentry", "pk": 45, "fields": {"action_time": "2022-01-14T18:38:03.689Z", "user": 1, "content_type": 13, "object_id": "22", "object_repr": "Downward Perfect Balance Earrings", "action_flag": 1, "change_message": "[{\"added\": {}}]"}}, {"model": "admin.logentry", "pk": 46, "fields": {"action_time": "2022-01-14T18:39:17.913Z", "user": 1, "content_type": 13, "object_id": "23", "object_repr": "Knotted Trinity Earrings", "action_flag": 1, "change_message": "[{\"added\": {}}]"}}, {"model": "admin.logentry", "pk": 47, "fields": {"action_time": "2022-01-14T18:47:14.881Z", "user": 1, "content_type": 13, "object_id": "23", "object_repr": "Knotted Trinity Earrings", "action_flag": 2, "change_message": "[{\"changed\": {\"fields\": [\"Sku\"]}}]"}}, {"model": "admin.logentry", "pk": 48, "fields": {"action_time": "2022-01-14T18:48:26.424Z", "user": 1, "content_type": 13, "object_id": "24", "object_repr": "Classic Small Earrings", "action_flag": 1, "change_message": "[{\"added\": {}}]"}}, {"model": "admin.logentry", "pk": 49, "fields": {"action_time": "2022-01-14T18:50:49.088Z", "user": 1, "content_type": 13, "object_id": "25", "object_repr": "Eternal Orbit Earrings", "action_flag": 1, "change_message": "[{\"added\": {}}]"}}, {"model": "admin.logentry", "pk": 50, "fields": {"action_time": "2022-01-14T18:51:50.690Z", "user": 1, "content_type": 13, "object_id": "26", "object_repr": "Cosmic Growth Earrings", "action_flag": 1, "change_message": "[{\"added\": {}}]"}}, {"model": "admin.logentry", "pk": 51, "fields": {"action_time": "2022-01-14T18:52:51.376Z", "user": 1, "content_type": 13, "object_id": "27", "object_repr": "Cosmic Flow Earrings", "action_flag": 1, "change_message": "[{\"added\": {}}]"}}, {"model": "admin.logentry", "pk": 52, "fields": {"action_time": "2022-01-14T18:55:49.729Z", "user": 1, "content_type": 13, "object_id": "28", "object_repr": "Triskelion Flower Earrings", "action_flag": 1, "change_message": "[{\"added\": {}}]"}}, {"model": "admin.logentry", "pk": 53, "fields": {"action_time": "2022-01-14T18:56:56.489Z", "user": 1, "content_type": 13, "object_id": "29", "object_repr": "Swirly Arms Earrings", "action_flag": 1, "change_message": "[{\"added\": {}}]"}}, {"model": "admin.logentry", "pk": 54, "fields": {"action_time": "2022-01-14T18:58:26.983Z", "user": 1, "content_type": 13, "object_id": "30", "object_repr": "Celtic Heart Pendant", "action_flag": 1, "change_message": "[{\"added\": {}}]"}}, {"model": "admin.logentry", "pk": 55, "fields": {"action_time": "2022-01-14T18:59:44.136Z", "user": 1, "content_type": 13, "object_id": "31", "object_repr": "Teardrop Knot Pendant", "action_flag": 1, "change_message": "[{\"added\": {}}]"}}, {"model": "admin.logentry", "pk": 56, "fields": {"action_time": "2022-01-14T19:01:45.299Z", "user": 1, "content_type": 13, "object_id": "32", "object_repr": "Oval Knot Pendant", "action_flag": 1, "change_message": "[{\"added\": {}}]"}}, {"model": "admin.logentry", "pk": 57, "fields": {"action_time": "2022-01-14T19:02:46.215Z", "user": 1, "content_type": 13, "object_id": "33", "object_repr": "Threefold FlowerPendant", "action_flag": 1, "change_message": "[{\"added\": {}}]"}}, {"model": "admin.logentry", "pk": 58, "fields": {"action_time": "2022-01-14T19:03:55.156Z", "user": 1, "content_type": 13, "object_id": "34", "object_repr": "Celtic Compass Pendant", "action_flag": 1, "change_message": "[{\"added\": {}}]"}}, {"model": "admin.logentry", "pk": 59, "fields": {"action_time": "2022-01-14T19:05:16.633Z", "user": 1, "content_type": 13, "object_id": "35", "object_repr": "Rounded Kells Knot Pendant", "action_flag": 1, "change_message": "[{\"added\": {}}]"}}, {"model": "admin.logentry", "pk": 60, "fields": {"action_time": "2022-01-14T19:06:50.211Z", "user": 1, "content_type": 13, "object_id": "36", "object_repr": "Framed Four Seasons Knot Pendant", "action_flag": 1, "change_message": "[{\"added\": {}}]"}}, {"model": "admin.logentry", "pk": 61, "fields": {"action_time": "2022-01-14T19:10:21.809Z", "user": 1, "content_type": 13, "object_id": "37", "object_repr": "Pictish Triangle Pendant", "action_flag": 1, "change_message": "[{\"added\": {}}]"}}, {"model": "admin.logentry", "pk": 62, "fields": {"action_time": "2022-01-14T19:11:26.803Z", "user": 1, "content_type": 13, "object_id": "38", "object_repr": "Perfect Balance Pendant", "action_flag": 1, "change_message": "[{\"added\": {}}]"}}, {"model": "admin.logentry", "pk": 63, "fields": {"action_time": "2022-01-14T19:12:36.593Z", "user": 1, "content_type": 13, "object_id": "39", "object_repr": "Overlapping Triquetra Pendant", "action_flag": 1, "change_message": "[{\"added\": {}}]"}}, {"model": "admin.logentry", "pk": 64, "fields": {"action_time": "2022-01-14T19:13:43.391Z", "user": 1, "content_type": 13, "object_id": "40", "object_repr": "Downward Perfect Balance Pendant", "action_flag": 1, "change_message": "[{\"added\": {}}]"}}, {"model": "admin.logentry", "pk": 65, "fields": {"action_time": "2022-01-14T19:14:46.106Z", "user": 1, "content_type": 13, "object_id": "41", "object_repr": "Knotted Three Worlds Pendant", "action_flag": 1, "change_message": "[{\"added\": {}}]"}}, {"model": "admin.logentry", "pk": 66, "fields": {"action_time": "2022-01-14T19:16:14.821Z", "user": 1, "content_type": 13, "object_id": "42", "object_repr": "Fossil Pendant", "action_flag": 1, "change_message": "[{\"added\": {}}]"}}, {"model": "admin.logentry", "pk": 67, "fields": {"action_time": "2022-01-14T19:17:16.885Z", "user": 1, "content_type": 13, "object_id": "43", "object_repr": "Swirly Arms with Window Pendant", "action_flag": 1, "change_message": "[{\"added\": {}}]"}}, {"model": "admin.logentry", "pk": 68, "fields": {"action_time": "2022-01-14T19:18:52.671Z", "user": 1, "content_type": 13, "object_id": "44", "object_repr": "Big Spiral with Oxidized Window Pendant", "action_flag": 1, "change_message": "[{\"added\": {}}]"}}, {"model": "admin.logentry", "pk": 69, "fields": {"action_time": "2022-01-14T19:20:11.785Z", "user": 1, "content_type": 13, "object_id": "45", "object_repr": "Entwined Ribbon Pendant", "action_flag": 1, "change_message": "[{\"added\": {}}]"}}, {"model": "admin.logentry", "pk": 70, "fields": {"action_time": "2022-01-14T19:23:21.352Z", "user": 1, "content_type": 13, "object_id": "34", "object_repr": "Celtic Compass Pendant", "action_flag": 2, "change_message": "[{\"changed\": {\"fields\": [\"Sku\"]}}]"}}, {"model": "admin.logentry", "pk": 71, "fields": {"action_time": "2022-01-14T19:23:45.819Z", "user": 1, "content_type": 13, "object_id": "27", "object_repr": "Cosmic Flow Earrings", "action_flag": 2, "change_message": "[{\"changed\": {\"fields\": [\"Sku\"]}}]"}}, {"model": "admin.logentry", "pk": 72, "fields": {"action_time": "2022-01-14T19:23:59.769Z", "user": 1, "content_type": 13, "object_id": "27", "object_repr": "Cosmic Flow Earrings", "action_flag": 2, "change_message": "[{\"changed\": {\"fields\": [\"Sku\"]}}]"}}, {"model": "admin.logentry", "pk": 73, "fields": {"action_time": "2022-01-14T19:24:16.817Z", "user": 1, "content_type": 13, "object_id": "40", "object_repr": "Downward Perfect Balance Pendant", "action_flag": 2, "change_message": "[{\"changed\": {\"fields\": [\"Sku\"]}}]"}}, {"model": "admin.logentry", "pk": 74, "fields": {"action_time": "2022-01-31T13:21:59.538Z", "user": 1, "content_type": 13, "object_id": "15", "object_repr": "Celtic Wreath Earrings", "action_flag": 2, "change_message": "[{\"changed\": {\"fields\": [\"Has sizes\"]}}]"}}, {"model": "admin.logentry", "pk": 75, "fields": {"action_time": "2022-01-31T13:22:10.783Z", "user": 1, "content_type": 13, "object_id": "16", "object_repr": "Celtic Cascade Earrings", "action_flag": 2, "change_message": "[{\"changed\": {\"fields\": [\"Has sizes\"]}}]"}}, {"model": "admin.logentry", "pk": 76, "fields": {"action_time": "2022-01-31T13:22:27.790Z", "user": 1, "content_type": 13, "object_id": "17", "object_repr": "Threefold Flower Earrings", "action_flag": 2, "change_message": "[{\"changed\": {\"fields\": [\"Has sizes\"]}}]"}}, {"model": "admin.logentry", "pk": 77, "fields": {"action_time": "2022-01-31T13:22:40.012Z", "user": 1, "content_type": 13, "object_id": "18", "object_repr": "Celtic Compass Earrings", "action_flag": 2, "change_message": "[{\"changed\": {\"fields\": [\"Has sizes\"]}}]"}}, {"model": "admin.logentry", "pk": 78, "fields": {"action_time": "2022-01-31T13:23:02.747Z", "user": 1, "content_type": 13, "object_id": "19", "object_repr": "Shield Knot Earrings", "action_flag": 2, "change_message": "[{\"changed\": {\"fields\": [\"Has sizes\"]}}]"}}, {"model": "admin.logentry", "pk": 79, "fields": {"action_time": "2022-02-09T20:47:10.877Z", "user": 1, "content_type": 14, "object_id": "3", "object_repr": "triskele_rings", "action_flag": 2, "change_message": "[]"}}, {"model": "admin.logentry", "pk": 80, "fields": {"action_time": "2022-02-09T20:53:35.447Z", "user": 1, "content_type": 13, "object_id": "12", "object_repr": "Triple Spiral with Window Ring", "action_flag": 2, "change_message": "[{\"changed\": {\"fields\": [\"Image\"]}}]"}}, {"model": "admin.logentry", "pk": 81, "fields": {"action_time": "2022-02-09T20:53:53.452Z", "user": 1, "content_type": 13, "object_id": "12", "object_repr": "Triple Spiral with Window Ring", "action_flag": 2, "change_message": "[]"}}, {"model": "admin.logentry", "pk": 82, "fields": {"action_time": "2022-02-09T20:54:12.498Z", "user": 1, "content_type": 13, "object_id": "13", "object_repr": "Solid Band with Stamp Ring", "action_flag": 2, "change_message": "[]"}}, {"model": "admin.logentry", "pk": 83, "fields": {"action_time": "2022-02-09T20:54:16.537Z", "user": 1, "content_type": 13, "object_id": "13", "object_repr": "Solid Band with Stamp Ring", "action_flag": 2, "change_message": "[{\"changed\": {\"fields\": [\"Image\"]}}]"}}, {"model": "admin.logentry", "pk": 84, "fields": {"action_time": "2022-02-09T20:54:40.499Z", "user": 1, "content_type": 13, "object_id": "14", "object_repr": "Vintage Emblem Ring", "action_flag": 2, "change_message": "[{\"changed\": {\"fields\": [\"Image\"]}}]"}}, {"model": "admin.logentry", "pk": 85, "fields": {"action_time": "2022-02-09T20:56:25.447Z", "user": 1, "content_type": 15, "object_id": "1", "object_repr": "7124B6A3FFBF4FAD890CBD0BB8BD0F1B", "action_flag": 2, "change_message": "[{\"deleted\": {\"name\": \"order line item\", \"object\": \"SKU 42 on order 7124B6A3FFBF4FAD890CBD0BB8BD0F1B\"}}]"}}, {"model": "admin.logentry", "pk": 86, "fields": {"action_time": "2022-02-09T20:56:41.111Z", "user": 1, "content_type": 15, "object_id": "3", "object_repr": "8E4F35AE0A044ED298999746847B9DBF", "action_flag": 3, "change_message": ""}}, {"model": "admin.logentry", "pk": 87, "fields": {"action_time": "2022-02-09T20:56:41.116Z", "user": 1, "content_type": 15, "object_id": "2", "object_repr": "DB978554CFAE407F8CC870C87D8B067D", "action_flag": 3, "change_message": ""}}, {"model": "admin.logentry", "pk": 88, "fields": {"action_time": "2022-02-09T20:56:41.119Z", "user": 1, "content_type": 15, "object_id": "1", "object_repr": "7124B6A3FFBF4FAD890CBD0BB8BD0F1B", "action_flag": 3, "change_message": ""}}, {"model": "admin.logentry", "pk": 89, "fields": {"action_time": "2022-02-14T10:09:58.998Z", "user": 1, "content_type": 13, "object_id": "46", "object_repr": "test", "action_flag": 3, "change_message": ""}}, {"model": "auth.user", "pk": 1, "fields": {"password": "pbkdf2_sha256$260000$EOL42P2XNS02mVWJm47jAg$4lFJOay5j2zgfflUn9Ei5UtBYsf2MQ521tI0beVLk4w=", "last_login": "2022-02-14T09:48:48.341Z", "is_superuser": true, "username": "komfiGolabi", "first_name": "", "last_name": "", "email": "komfalos1@gmail.com", "is_staff": true, "is_active": true, "date_joined": "2022-01-04T18:28:56.204Z", "groups": [], "user_permissions": []}}, {"model": "sessions.session", "pk": "cfxea5cfub7fs93uo3iyyecb1wlrcrmk", "fields": {"session_data": ".eJxVjDsOwjAQBe_iGlnr9S-hpOcM1q7t4ACypTipEHeHSCmgfTPzXiLQtpaw9byEOYmzUOL0uzHFR647SHeqtyZjq-sys9wVedAury3l5-Vw_w4K9fKt0U_JRposO_ZIiJa1Ij1o0MoSujwyaAAzRueZBsgADoxH9NbYyEm8P9BpNus:1n8NUX:MGAdQkb4fZZAQkoGT9pJXleZ4QcuDkrPV-zswoyYX5A", "expire_date": "2022-01-28T14:23:45.695Z"}}, {"model": "sessions.session", "pk": "dzrtoaixii30z7q7yrjo0jc1d19a6umg", "fields": {"session_data": ".eJxVjMEOwiAQBf-Fc0O2UMD26N1vIAtsLWrAQGs0xn_Xmh70-mbePJnFZZ7sUqnYGNjAWtb8bg79mdIKwgnTMXOf01yi46vCN1r5IQe67Df3LzBhnT5vYcagPI7KaWcECqGcbFHuJMhWodDUO5AAXe-1cbgDAtDQGSGM6pR332ilWmNOlu7XWB5sgIZVvJGNacxsmMtCrze4UERM:1nJMvT:Fq4o2IDjsx4GRYl506Onutr769OAziEkzvu5bnddyqg", "expire_date": "2022-02-27T22:00:59.641Z"}}, {"model": "sessions.session", "pk": "eieew3fq7fmmxad3o2q9gw2a1gnoi3re", "fields": {"session_data": "e30:1nIx05:pkKLG1KZkr2F3VT5lYgarAw7_pP73HbtNKraSDGymRs", "expire_date": "2022-02-26T18:20:01.878Z"}}, {"model": "sessions.session", "pk": "iqovyu126wqvn03lf0ay4nbshqmwb9pl", "fields": {"session_data": ".eJxVjEEOwiAQRe_C2pApFGhduvcMZAamFjVgSptojHfXmi50-9_77yk8LvPol8qTT1HsRSN2vxthuHBeQTxjPhUZSp6nRHJV5EarPJbI18Pm_gVGrOPnrdwQTcDBkCWnUClDukHdadCNQWW5J9AAbR-sI-yAASy0TilnWhPoG61cayrZ8_2WpofYw-sNZRs-KA:1nJYIx:p9rfesxySx2IHsvUBrAk3_Sz3wLhRo4f9g30gFAyVR8", "expire_date": "2022-02-28T10:09:59.225Z"}}, {"model": "sessions.session", "pk": "k8rgzl3v2tw89h38sfimni4yza7slhvc", "fields": {"session_data": "eyJiYWciOnsiMTAiOnsiaXRlbXNfYnlfc2l6ZSI6eyI3IjoxfX19fQ:1nHTfK:9Sm4i5HmUW1H1I86PPP2wabqs9rKOFeQAJQccp84n3s", "expire_date": "2022-02-22T16:48:30.244Z"}}, {"model": "sessions.session", "pk": "u1r67ajd18rult75z2k4hpyjqqfaal45", "fields": {"session_data": ".eJxVjEEOwiAQRe8ya0OmUKDt0r1nIDNALWrAlDbRGO-uTbrp9r_3_gdcjbWmkl18PdP8hgFP4GhdJrfWOLsUYIAGDhuTv8e8gXCjfC3Cl7zMicWmiJ1WcSkhPs67eziYqE7_WtoxaE-jZsNWkpSaVUOqU6gaTdLEnlEhtr03lqnDiGiwtVJa3WrPAb4_-UU-KA:1n4oxp:0modR_9tJJ2ty2zp4DFOa3EMb4FK-yOoSRp-u8X7mAg", "expire_date": "2022-01-18T18:55:17.960Z"}}, {"model": "sessions.session", "pk": "z7m9hk1rdt4xe72xn51o22uhs69fli6x", "fields": {"session_data": ".eJxVjDsOgzAQRO-yNbLWa2wDZXrOgHZt80kikPhUiLsHIhqqkea9mR2EO6h2IKh0Btr_w9gzjgwa3ta-2ZY0N0OECjQ8OuHwSeMF4pvHblJhGtd5EHUp6qaLqqeYvq_bfRz0vPTnmnwbbeDWihNPTGTFaDaFQaMtk0uloEHMy-C8cIEJ0WHuibzNbZAIxw9aXz0e:1nEWcD:Fa2Oq8fcyjhGp6o7oZeVOyG544csrj6rjaEG1aVqWSM", "expire_date": "2022-02-14T13:21:05.954Z"}}, {"model": "sites.site", "pk": 1, "fields": {"domain": "celtic-blink.com", "name": "Celtic-Blink"}}, {"model": "account.emailaddress", "pk": 1, "fields": {"user": 1, "email": "komfalos1@gmail.com", "verified": true, "primary": true}}, {"model": "products.category", "pk": 1, "fields": {"name": "celtic_knot_rings", "friendly_name": "Celtic Knot rings"}}, {"model": "products.category", "pk": 2, "fields": {"name": "trinity_rings", "friendly_name": "Trinity rings"}}, {"model": "products.category", "pk": 3, "fields": {"name": "triskele_rings", "friendly_name": "Triskele rings"}}, {"model": "products.category", "pk": 4, "fields": {"name": "celtic_knot_earrings", "friendly_name": "Celtic Knot earrings"}}, {"model": "products.category", "pk": 5, "fields": {"name": "trinity_earrings", "friendly_name": "Trinity earrings"}}, {"model": "products.category", "pk": 6, "fields": {"name": "triskele_earrings", "friendly_name": "Triskele earrings"}}, {"model": "products.category", "pk": 7, "fields": {"name": "celtic_knot_pendants", "friendly_name": "Celtic Knot pendants"}}, {"model": "products.category", "pk": 8, "fields": {"name": "trinity_pendants", "friendly_name": "Trinity pendants"}}, {"model": "products.category", "pk": 9, "fields": {"name": "triskele_pendants", "friendly_name": "Triskele pendants"}}, {"model": "products.product", "pk": 1, "fields": {"category": 1, "sku": "1", "name": "Horizontal Padlock Knot Ring", "description": "Celtic padlock knot in hallmarked 925 Sterling Silver.\r\n\r\nSignificance of the Celtic Knot:      \r\n\r\nCeltic knots are complete, endless loops without any beginning or end. The use of only one thread highlights the Celts’ belief in the interconnectedness of life and eternity. They saw the constant interlacing as the physical and spiritual crossing of paths, expressing permanence and the endurance of life, love and faith.", "has_sizes": true, "price": "30.00", "rating": null, "image_url": null, "image": "Horizontal_Padlock_Knot.JPG"}}, {"model": "products.product", "pk": 2, "fields": {"category": 1, "sku": "2", "name": "Celtic Loop Ring", "description": "A Hallmarked 925 Sterling Silver Celtic Ring with a Figure Eight Infinity Knot Design.\r\nSignificance of Celtic Knot: \r\n\r\nCeltic knots are complete, endless loops without any beginning or end. The use of only one thread highlights the Celts’ belief in the interconnectedness of life and eternity. They saw the constant interlacing as the physical and spiritual crossing of paths, expressing permanence and the endurance of life, love and faith.  \r\n\r\nAs a symbol of eternity this ring would make for a lovely gift, full of significance and meaning.", "has_sizes": true, "price": "27.00", "rating": null, "image_url": null, "image": "IMG_8474_xbTX1F7.jpg"}}, {"model": "products.product", "pk": 3, "fields": {"category": 1, "sku": "3", "name": "Double Looped Knot Ring", "description": "Double looped Celtic ring in hallmarked 925 Sterling Silver.\r\nSignificance of Celtic Knot: \r\n\r\nCeltic knots are complete, endless loops without any beginning or end. The use of only one thread highlights the Celts’ belief in the interconnectedness of life and eternity. They saw the constant interlacing as the physical and spiritual crossing of paths, expressing permanence and the endurance of life, love and faith.", "has_sizes": true, "price": "25.00", "rating": null, "image_url": null, "image": "IMG_8476_WUGu4Uz.jpg"}}, {"model": "products.product", "pk": 4, "fields": {"category": 1, "sku": "4", "name": "Horizontal Spiky Knot", "description": "Horizontal Spiky knot in hallmarked 925 Sterling Silver.\r\n\r\nSignificance of Celtic Knot: \r\n\r\nCeltic knots are complete, endless loops without any beginning or end. The use of only one thread highlights the Celts’ belief in the interconnectedness of life and eternity. They saw the constant interlacing as the physical and spiritual crossing of paths, expressing permanence and the endurance of life, love and faith.", "has_sizes": true, "price": "27.00", "rating": null, "image_url": null, "image": "IMG_8478edit_RlvP7ss.jpg"}}, {"model": "products.product", "pk": 5, "fields": {"category": 1, "sku": "5", "name": "Celtic Heart Ring", "description": "Celtic Heart ring with knotted interior in hallmarked 925 Sterling Silver.\r\nSignificance of Celtic Knot: \r\n\r\nCeltic knots are complete, endless loops without any beginning or end. The use of only one thread highlights the Celts’ belief in the interconnectedness of life and eternity. They saw the constant interlacing as the physical and spiritual crossing of paths, expressing permanence and the endurance of life, love and faith.", "has_sizes": true, "price": "22.00", "rating": null, "image_url": null, "image": "IMG_8482edit_wozQg7t.jpg"}}, {"model": "products.product", "pk": 6, "fields": {"category": 1, "sku": "6", "name": "Dainty Padlock Ring", "description": "Celtic Padlock Knot ring in hallmarked 925 Sterling Silver.\r\nSignificance of Celtic Knot: \r\n\r\nCeltic knots are complete, endless loops without any beginning or end. The use of only one thread highlights the Celts’ belief in the interconnectedness of life and eternity. They saw the constant interlacing as the physical and spiritual crossing of paths, expressing permanence and the endurance of life, love and faith.", "has_sizes": true, "price": "22.00", "rating": null, "image_url": null, "image": "IMG_8969edit_TSKrAF7.jpg"}}, {"model": "products.product", "pk": 7, "fields": {"category": 2, "sku": "7", "name": "Elongated Trinity Ring", "description": "A Hallmarked 925 Sterling Silver Trinity Knot Ring. \r\n\r\nSymbolism of the Trinity Knot:\r\n\r\n‘Three’ is an important concept in Celtic mythology e.g. the existence of three material domains (earth, sea and sky), three spiritual worlds (earth, heaven and the underworld) and triple goddesses. The triquetra/trinity symbol and triangular knots depict this three-fold worldview.", "has_sizes": true, "price": "25.00", "rating": null, "image_url": null, "image": "IMG_3163_C9kf2zX.jpg"}}, {"model": "products.product", "pk": 8, "fields": {"category": 2, "sku": "8", "name": "Band with Trinity Stamp Ring", "description": "Simple Trinity Band in hallmarked 925 Sterling Silver.\r\nSignificance of Triquetra/ Trinity Knot:\r\n\r\n  ‘Three’ is an important concept in Celtic mythology e.g. the existence of three material domains (earth, sea and sky), three spiritual worlds (earth, heaven and the underworld) and ‘triple goddesses.’ Triquetra/trinity symbols and triangular knots depict the balance, harmony and stability of this three-fold worldview.", "has_sizes": true, "price": "30.00", "rating": null, "image_url": null, "image": "IMG_8503edit_PlilC3l.jpg"}}, {"model": "products.product", "pk": 9, "fields": {"category": 2, "sku": "9", "name": "Overlapping Trinity Ring", "description": "Overlapping Trinity knot ring in hallmarked 925 Sterling Silver.\r\n\r\nSignificance of Triquetra/Trinity knot:\r\n\r\n‘Three’ is an important concept in Celtic mythology e.g. the existence of three material domains (earth, sea and sky), three spiritual worlds (earth, heaven and the underworld) and ‘triple goddesses.’ Triquetra/trinity symbols and triangular knots depict the balance, harmony and stability of this three-fold worldview.", "has_sizes": true, "price": "24.00", "rating": null, "image_url": null, "image": "IMG_8965edit_jqELyw8.jpg"}}, {"model": "products.product", "pk": 10, "fields": {"category": 2, "sku": "10", "name": "Knotted Trinity Ring", "description": "A Hallmarked 925 Sterling Silver Knotted Trinity Knot. \r\nSymbolism of Triquetra/ Trinity knot:\r\n\r\n  ‘Three’ is an important concept in Celtic mythology e.g. the existence of three material domains (earth, sea and sky), three spiritual worlds (earth, heaven and the underworld) and ‘triple goddesses.’ Triquetra/trinity symbols and triangular knots depict the balance, harmony and stability of this three-fold worldview.", "has_sizes": true, "price": "25.00", "rating": null, "image_url": null, "image": "IMG_8968edit_j3W8i0V.jpg"}}, {"model": "products.product", "pk": 11, "fields": {"category": 2, "sku": "11", "name": "Simple Trinity Ring", "description": "Simple Trinity knot ring in hallmarked 925 Sterling Silver.\r\n\r\nSignificance of Triquetra/Trinity knot:\r\n\r\n‘Three’ is an important concept in Celtic mythology e.g. the existence of three material domains (earth, sea and sky), three spiritual worlds (earth, heaven and the underworld) and ‘triple goddesses.’ Triquetra/trinity symbols and triangular knots depict the balance, harmony and stability of this three-fold worldview.", "has_sizes": true, "price": "25.00", "rating": null, "image_url": null, "image": "IMG_8972edit_8ygH5TK.jpg"}}, {"model": "products.product", "pk": 12, "fields": {"category": 3, "sku": "12", "name": "Triple Spiral with Window Ring", "description": "Celtic Triskele ring in hallmarked 925 Sterling Silver.\r\n\r\nSignificance of the Triskele:\r\n\r\nAlso known as the triple spiral, this ancient Celtic symbol represents three connected domains of material existence - earth, water and sky. It can also symbolise growth and evolution in nature, cycles of life and rebirth, and the movement of the cosmos. \r\n\r\nThis would make for a lovely gift, full of significance and meaning.", "has_sizes": true, "price": "30.00", "rating": null, "image_url": null, "image": "IMG_8536edit_hQ7KgjV.JPG"}}, {"model": "products.product", "pk": 13, "fields": {"category": 3, "sku": "13", "name": "Solid Band with Stamp Ring", "description": "Celtic band with Triskele stamp at its centre in hallmarked 925 Sterling Silver.\r\nSignificance of Triskele:\r\n\r\nAlso known as the triple spiral, this ancient Celtic symbol represents three connected domains of material existence - earth, water and sky. It can also symbolise growth and evolution in nature, cycles of life and rebirth, and the movement of the cosmos.", "has_sizes": true, "price": "35.00", "rating": null, "image_url": null, "image": "IMG_8539edit_QGYSzvM.JPG"}}, {"model": "products.product", "pk": 14, "fields": {"category": 3, "sku": "14", "name": "Vintage Emblem Ring", "description": "Celtic vintage looking Triskele ring in hallmarked 925 Sterling Silver,\r\n\r\nSignificance of Triskele:\r\n\r\nAlso known as the triple spiral, this ancient Celtic symbol represents three connected domains of material existence - earth, water and sky. It can also symbolise growth and evolution in nature, cycles of life and rebirth, and the movement of the cosmos.", "has_sizes": true, "price": "35.00", "rating": null, "image_url": null, "image": "IMG_8543edit_3NgxwWE.JPG"}}, {"model": "products.product", "pk": 15, "fields": {"category": 4, "sku": "15", "name": "Celtic Wreath Earrings", "description": "Round Celtic knot earrings in hallmarked 925 Sterling Silver.\r\n\r\nSignificance of Celtic Knot:\r\n\r\n  Celtic knots are complete, endless loops without any beginning or end. The use of only one thread highlights the Celts’ belief in the interconnectedness of life and eternity. They saw the constant interlacing as the physical and spiritual crossing of paths, expressing permanence and the endurance of life, love and faith.", "has_sizes": false, "price": "32.00", "rating": null, "image_url": null, "image": "IMG_8340edit_hqvMZTZ.jpg"}}, {"model": "products.product", "pk": 16, "fields": {"category": 4, "sku": "16", "name": "Celtic Cascade Earrings", "description": "Celtic Knot earrings in hallmarked 925 Sterling Silver.\r\n\r\nSignificance of Celtic Knot:\r\n\r\nCeltic knots are complete, endless loops without any beginning or end. The use of only one thread highlights the Celts’ belief in the interconnectedness of life and eternity. They saw the constant interlacing as the physical and spiritual crossing of paths, expressing permanence and the endurance of life, love and faith.", "has_sizes": false, "price": "35.00", "rating": null, "image_url": null, "image": "IMG_8345edit_Ei8gadb.jpg"}}, {"model": "products.product", "pk": 17, "fields": {"category": 4, "sku": "17", "name": "Threefold Flower Earrings", "description": "Celtic threefold flower earrings in hallmarked 925 Sterling Silver.\r\nSignificance of the Celtic Knot:           \r\n\r\nCeltic knots are complete, endless loops without any beginning or end. The use of only one thread highlights the Celts’ belief in the interconnectedness of life and eternity. They saw the constant interlacing as the physical and spiritual crossing of paths, expressing permanence and the endurance of life, love and faith.", "has_sizes": false, "price": "27.00", "rating": null, "image_url": null, "image": "IMG_8420edit_cR895sG.jpg"}}, {"model": "products.product", "pk": 18, "fields": {"category": 4, "sku": "18", "name": "Celtic Compass Earrings", "description": "Celtic compass earrings in hallmarked 925 Sterling Silver.\r\nSignificance of the Celtic Knot:           \r\n\r\nCeltic knots are complete, endless loops without any beginning or end. The use of only one thread highlights the Celts’ belief in the interconnectedness of life and eternity. They saw the constant interlacing as the physical and spiritual crossing of paths, expressing permanence and the endurance of life, love and faith.", "has_sizes": false, "price": "25.00", "rating": null, "image_url": null, "image": "IMG_8439edit_aODPNyh.jpg"}}, {"model": "products.product", "pk": 19, "fields": {"category": 4, "sku": "19", "name": "Shield Knot Earrings", "description": "A Pair of Hallmarked 925 Sterling Silver Celtic Knot Earrings.\r\nSignificance of the Celtic Knot:\r\n\r\nCeltic knots are complete, endless loops without beginning or end. The use of a single thread highlights the Celts’ belief in the interconnectedness of life and eternity. They saw the constant interlacing as the physical and spiritual crossing of paths, expressing permanence and the endurance of life, love and faith. \r\n\r\nAs a symbol of eternity, these would make for a lovely gift, full of significance and meaning.", "has_sizes": false, "price": "25.00", "rating": null, "image_url": null, "image": "IMG_8449edit_FSpwaw6.jpg"}}, {"model": "products.product", "pk": 20, "fields": {"category": 5, "sku": "20", "name": "Kells Triangle Earrings", "description": "A Pair of Hallmarked 925 Sterling Silver Celtic Knot Earrings in a Kells Triangle design.\r\nSignificance of Triquetra/ Trinity Knot:\r\n\r\n  ‘Three’ is an important concept in Celtic mythology e.g. the existence of three material domains (earth, sea and sky), three spiritual worlds (earth, heaven and the underworld) and ‘triple goddesses.’ Triquetra/trinity symbols and triangular knots depict the balance, harmony and stability of this three-fold worldview.", "has_sizes": false, "price": "35.00", "rating": null, "image_url": null, "image": "IMG_8329edit_99qtzZT.jpg"}}, {"model": "products.product", "pk": 21, "fields": {"category": 5, "sku": "21", "name": "Knotted Three Worlds", "description": "Trinity Knot earrings in hallmarked 925 Sterling Silver.\r\nSignificance of Triquetra/ Trinity knot:\r\n\r\n‘Three’ is an important concept in Celtic mythology e.g. the existence of three material domains (earth, sea and sky), three spiritual worlds (earth, heaven and the underworld) and ‘triple goddesses.’ Triquetra/trinity symbols and triangular knots depict the balance, harmony and stability of this three-fold worldview.", "has_sizes": false, "price": "35.00", "rating": null, "image_url": null, "image": "IMG_8367edit_irfhaFf.jpg"}}, {"model": "products.product", "pk": 22, "fields": {"category": 5, "sku": "22", "name": "Downward Perfect Balance Earrings", "description": "Perfectly balanced Trinity knot earrings in hallmarked 925 Sterling Silver.\r\nSignificance of Triquetra/ Trinity knot:\r\n\r\n‘Three’ is an important concept in Celtic mythology e.g. the existence of three material domains (earth, sea and sky), three spiritual worlds (earth, heaven and the underworld) and ‘triple goddesses.’ Triquetra/trinity symbols and triangular knots depict the balance, harmony and stability of this three-fold worldview.", "has_sizes": false, "price": "23.00", "rating": null, "image_url": null, "image": "IMG_8431edit_dhMiN97.jpg"}}, {"model": "products.product", "pk": 23, "fields": {"category": 5, "sku": "23", "name": "Knotted Trinity Earrings", "description": "Knotted Celtic Trinity set in hallmarked 925 Sterling Silver.\r\nSymbolism of Triquetra/ Trinity Knot:\r\n\r\n  ‘Three’ is an important concept in Celtic mythology e.g. the existence of three material domains (earth, sea and sky), three spiritual worlds (earth, heaven and the underworld) and ‘triple goddesses.’ Triquetra/trinity symbols and triangular knots depict the balance, harmony and stability of this three-fold worldview.", "has_sizes": false, "price": "24.00", "rating": null, "image_url": null, "image": "IMG_8443edit_T3HRK2B.jpg"}}, {"model": "products.product", "pk": 24, "fields": {"category": 5, "sku": "24", "name": "Classic Small Earrings", "description": "A Pair of Hallmarked 925 Sterling Silver Triquetra Earrings.\r\nSymbolism of the Triquetra/Trinity:\r\n\r\n‘Three’ is an important concept in Celtic mythology e.g. the existence of three material domains (earth, sea, sky), three spiritual worlds (earth, heaven and the underworld), and ‘triple goddesses.’ Triquetra (aka trinity) symbols and triangular knots depict this three-fold worldview.", "has_sizes": false, "price": "22.00", "rating": null, "image_url": null, "image": "IMG_8465edit_645G0YT.jpg"}}, {"model": "products.product", "pk": 25, "fields": {"category": 6, "sku": "25", "name": "Eternal Orbit Earrings", "description": "Swirly Triskele earrings in eternal orbit in hallmarked 925 Sterling Silver.\r\nSignificance of Triskele:\r\n\r\nAlso known as the triple spiral, this ancient Celtic symbol represents three connected domains of material existence - earth, water and sky. It can also symbolise growth and evolution in nature, cycles of life and rebirth, and the movement of the cosmos.", "has_sizes": false, "price": "32.00", "rating": null, "image_url": null, "image": "IMG_8329edit_f9vOvcl.jpg"}}, {"model": "products.product", "pk": 26, "fields": {"category": 6, "sku": "26", "name": "Cosmic Growth Earrings", "description": "Celtic Triskele earrings in eternal cosmic growth in hallmarked 925 Sterling Silver.\r\nSignificance of Triskele:\r\n\r\nAlso known as the triple spiral, this ancient Celtic symbol represents three connected domains of material existence - earth, water and sky. It can also symbolise growth and evolution in nature, cycles of life and rebirth, and the movement of the cosmos.", "has_sizes": false, "price": "30.00", "rating": null, "image_url": null, "image": "IMG_8367edit_M5chHdb.jpg"}}, {"model": "products.product", "pk": 27, "fields": {"category": 6, "sku": "301", "name": "Cosmic Flow Earrings", "description": "Round Triskele earrings in cosmic flow in hallmarked 925 Sterling Silver.\r\nSignificance of Triskele:\r\n\r\nAlso known as the triple spiral, this ancient Celtic symbol represents three connected domains of material existence - earth, water and sky. It can also symbolise growth and evolution in nature, cycles of life and rebirth, and the movement of the cosmos.", "has_sizes": false, "price": "30.00", "rating": null, "image_url": null, "image": "IMG_8431edit_dxkKIej.jpg"}}, {"model": "products.product", "pk": 28, "fields": {"category": 6, "sku": "27", "name": "Triskelion Flower Earrings", "description": "Celtic Triskele earrings in hallmarked 925 Sterling Silver.\r\nSignificance of Triskele:\r\n\r\nAlso known as the triple spiral, this ancient Celtic symbol represents three connected domains of material existence - earth, water and sky. It can also symbolise growth and evolution in nature, cycles of life and rebirth, and the movement of the cosmos.", "has_sizes": false, "price": "27.00", "rating": null, "image_url": null, "image": "IMG_8443edit_bxdVC82.jpg"}}, {"model": "products.product", "pk": 29, "fields": {"category": 6, "sku": "28", "name": "Swirly Arms Earrings", "description": "Celtic Triskele earrings in hallmarked 925 Sterling Silver.\r\nSignificance of Triskele:\r\n\r\nAlso known as the triple spiral, this ancient Celtic symbol represents three connected domains of material existence - earth, water and sky. It can also symbolise growth and evolution in nature, cycles of life and rebirth, and the movement of the cosmos.", "has_sizes": false, "price": "24.00", "rating": null, "image_url": null, "image": "IMG_8444edit_wWV3QHT.jpg"}}, {"model": "products.product", "pk": 30, "fields": {"category": 7, "sku": "29", "name": "Celtic Heart Pendant", "description": "A Sterling Silver 925 Celtic Knot pendant in a Celtic heart design.\r\n\r\nSignificance of the Celtic Knot:           \r\n\r\nCeltic knots are complete, endless loops without any beginning or end. The use of only one thread highlights the Celts’ belief in the interconnectedness of life and eternity. They saw the constant interlacing as the physical and spiritual crossing of paths, expressing permanence and the endurance of life, love and faith.", "has_sizes": false, "price": "30.00", "rating": null, "image_url": null, "image": "IMG_7864edit_ftF5fEO.jpg"}}, {"model": "products.product", "pk": 31, "fields": {"category": 7, "sku": "30", "name": "Teardrop Knot Pendant", "description": "A Sterling Silver 925 Celtic Knot pendant in a teardrop knot design.\r\n\r\nSignificance of the Celtic Knot:           \r\n\r\nCeltic knots are complete, endless loops without any beginning or end. The use of only one thread highlights the Celts’ belief in the interconnectedness of life and eternity. They saw the constant interlacing as the physical and spiritual crossing of paths, expressing permanence and the endurance of life, love and faith.", "has_sizes": false, "price": "25.00", "rating": null, "image_url": null, "image": "IMG_7868edit_8BuEYaz.jpg"}}, {"model": "products.product", "pk": 32, "fields": {"category": 7, "sku": "31", "name": "Oval Knot Pendant", "description": "A Sterling Silver 925 Celtic Knot pendant in an oval knot design.\r\n\r\nSignificance of the Celtic Knot:           \r\n\r\nCeltic knots are complete, endless loops without any beginning or end. The use of only one thread highlights the Celts’ belief in the interconnectedness of life and eternity. They saw the constant interlacing as the physical and spiritual crossing of paths, expressing permanence and the endurance of life, love and faith", "has_sizes": false, "price": "18.00", "rating": null, "image_url": null, "image": "IMG_7881edit_lBGOIUs.jpg"}}, {"model": "products.product", "pk": 33, "fields": {"category": 7, "sku": "32", "name": "Threefold FlowerPendant", "description": "A Sterling Silver 925 Celtic Knot pendant in a threefold flower design.\r\n\r\n\r\nSignificance of the Celtic Knot:           \r\n\r\nCeltic knots are complete, endless loops without any beginning or end. The use of only one thread highlights the Celts’ belief in the interconnectedness of life and eternity. They saw the constant interlacing as the physical and spiritual crossing of paths, expressing permanence and the endurance of life, love and faith.", "has_sizes": false, "price": "18.00", "rating": null, "image_url": null, "image": "IMG_7885edit_5QTdrpj.jpg"}}, {"model": "products.product", "pk": 34, "fields": {"category": 7, "sku": "39", "name": "Celtic Compass Pendant", "description": "Celtic knot pendant in compass design in hallmarked 925 Sterling Silver.\r\n\r\nSignificance of the Celtic Knot:           \r\n\r\nCeltic knots are complete, endless loops without any beginning or end. The use of only one thread highlights the Celts’ belief in the interconnectedness of life and eternity. They saw the constant interlacing as the physical and spiritual crossing of paths, expressing permanence and the endurance of life, love and faith.", "has_sizes": false, "price": "15.00", "rating": null, "image_url": null, "image": "IMG_7886_h5KLw8r.jpg"}}, {"model": "products.product", "pk": 35, "fields": {"category": 7, "sku": "33", "name": "Rounded Kells Knot Pendant", "description": "Celtic knot pendant in hallmarked 925 Sterling Silver.\r\n\r\n\r\nSignificance of the Celtic Knot:\r\n\r\nCeltic knots are complete, endless loops without beginning or end. The use of a single thread highlights the Celts’ belief in the interconnectedness of life and eternity. They saw the constant interlacing as the physical and spiritual crossing of paths, expressing permanence and the endurance of life, love and faith. \r\n\r\nAs a symbol of eternity, these would make for a lovely gift, full of significance and meaning.", "has_sizes": false, "price": "25.00", "rating": null, "image_url": null, "image": "IMG_9855edit_2S8yjev.jpg"}}, {"model": "products.product", "pk": 36, "fields": {"category": 7, "sku": "34", "name": "Framed Four Seasons Knot Pendant", "description": "Celtic Four Seasons Knot in hallmarked 925 Sterling Silver.\r\n\r\nSignificance of Celtic Knot:\r\n\r\nCeltic knots are complete, endless loops without any beginning or end. The use of only one thread highlights the Celts’ belief in the interconnectedness of life and eternity. They saw the constant interlacing as the physical and spiritual crossing of paths, expressing permanence and the endurance of life, love and faith.", "has_sizes": false, "price": "25.00", "rating": null, "image_url": null, "image": "IMG_9867edit_dGAzI68.jpg"}}, {"model": "products.product", "pk": 37, "fields": {"category": 8, "sku": "35", "name": "Pictish Triangle Pendant", "description": "A Sterling Silver 925 Celtic Knot pendant interwoven into a triangular shape.\r\n\r\nSignificance of Triquetra/ Trinity Knot:\r\n\r\n‘Three’ is an important concept in Celtic mythology e.g. the existence of three material domains (earth, sea and sky), three spiritual worlds (earth, heaven and the underworld) and ‘triple goddesses.’ Triquetra/trinity symbols and triangular knots depict the balance, harmony and stability of this three-fold worldview.", "has_sizes": false, "price": "22.00", "rating": null, "image_url": null, "image": "IMG_7873edit_zFZRIjQ.jpg"}}, {"model": "products.product", "pk": 38, "fields": {"category": 8, "sku": "36", "name": "Perfect Balance Pendant", "description": "Perfectly balanced Trinity knot pendant in hallmarked 925 Sterling Silver.\r\nSignificance of Triquetra/ Trinity knot:\r\n\r\n‘Three’ is an important concept in Celtic mythology e.g. the existence of three material domains (earth, sea and sky), three spiritual worlds (earth, heaven and the underworld) and ‘triple goddesses.’ Triquetra/trinity symbols and triangular knots depict the balance, harmony and stability of this three-fold worldview.", "has_sizes": false, "price": "20.00", "rating": null, "image_url": null, "image": "IMG_9850edit_6lRNiTh.jpg"}}, {"model": "products.product", "pk": 39, "fields": {"category": 8, "sku": "37", "name": "Overlapping Triquetra Pendant", "description": "Overlapping Trinity Knot in hallmarked 925 Sterling Silver.\r\n\r\nSignificance of Triquetra/ Trinity knot:\r\n\r\n‘Three’ is an important concept in Celtic mythology e.g. the existence of three material domains (earth, sea and sky), three spiritual worlds (earth, heaven and the underworld) and ‘triple goddesses.’ Triquetra/trinity symbols and triangular knots depict the balance, harmony and stability of this three-fold worldview", "has_sizes": false, "price": "15.00", "rating": null, "image_url": null, "image": "IMG_9854edit_glbFems.jpg"}}, {"model": "products.product", "pk": 40, "fields": {"category": 8, "sku": "388", "name": "Downward Perfect Balance Pendant", "description": "Perfectly balanced Trinity knot pendant in hallmarked 925 Sterling Silver.\r\n\r\n\r\nSignificance of Triquetra/ Trinity knot:\r\n\r\n‘Three’ is an important concept in Celtic mythology e.g. the existence of three material domains (earth, sea and sky), three spiritual worlds (earth, heaven and the underworld) and ‘triple goddesses.’ Triquetra/trinity symbols and triangular knots depict the balance, harmony and stability of this three-fold worldview", "has_sizes": false, "price": "15.00", "rating": null, "image_url": null, "image": "IMG_9856edit_HsygS1X.jpg"}}, {"model": "products.product", "pk": 41, "fields": {"category": 8, "sku": "38", "name": "Knotted Three Worlds Pendant", "description": "Trinity knot pendant in an interlocked three worlds design in hallmarked 925 Sterling Silver.\r\n\r\nSignificance of Triquetra/ Trinity knot:\r\n\r\n‘Three’ is an important concept in Celtic mythology e.g. the existence of three material domains (earth, sea and sky), three spiritual worlds (earth, heaven and the underworld) and ‘triple goddesses.’ Triquetra/trinity symbols and triangular knots depict the balance, harmony and stability of this three-fold worldview", "has_sizes": false, "price": "25.00", "rating": null, "image_url": null, "image": "IMG_9871edit_4ShWRYI.jpg"}}, {"model": "products.product", "pk": 42, "fields": {"category": 9, "sku": "40", "name": "Fossil Pendant", "description": "Triskele Pendant in hallmarked 925 Sterling Silver.\r\n\r\nSymbolism of Triskele:\r\n\r\nAlso known as the triple spiral, this ancient Celtic symbol represents three connected domains of material existence - earth, water and sky. It can also symbolise growth and evolution in nature, cycles of life and rebirth, and the movement of the cosmos.", "has_sizes": false, "price": "45.00", "rating": null, "image_url": null, "image": "IMG_9841edit_wzXuFcZ.jpg"}}, {"model": "products.product", "pk": 43, "fields": {"category": 9, "sku": "41", "name": "Swirly Arms with Window Pendant", "description": "Triskele pendant with swirly arms and a central window in hallmarked 925 Sterling Silver.\r\n\r\nSymbolism of Triskele:\r\n\r\nAlso known as the triple spiral, this ancient Celtic symbol represents three connected domains of material existence - earth, water and sky. It can also symbolise growth and evolution in nature, cycles of life and rebirth, and the movement of the cosmos.", "has_sizes": false, "price": "20.00", "rating": null, "image_url": null, "image": "IMG_9851edit_7v4fjjw.jpg"}}, {"model": "products.product", "pk": 44, "fields": {"category": 9, "sku": "42", "name": "Big Spiral with Oxidized Window Pendant", "description": "Large triskele pendant with galactic arms in hallmarked 925 Sterling Silver.\r\n\r\nSignificance of Triskele:\r\n\r\nAlso known as the triple spiral, this ancient Celtic symbol represents three connected domains of material existence - earth, water and sky. It can also symbolise growth and evolution in nature, cycles of life and rebirth, and the movement of the cosmos.", "has_sizes": false, "price": "32.00", "rating": null, "image_url": null, "image": "IMG_9857edit_9TOzF97.jpg"}}, {"model": "products.product", "pk": 45, "fields": {"category": 9, "sku": "43", "name": "Entwined Ribbon Pendant", "description": "Triskele ribbon like earrings in hallmarked 925 Sterling Silver.\r\nSignificance of Triskele:\r\n\r\nAlso known as the triple spiral, this ancient Celtic symbol represents three connected domains of material existence - earth, water and sky. It can also symbolise growth and evolution in nature, cycles of life and rebirth, and the movement of the cosmos.", "has_sizes": false, "price": "25.00", "rating": null, "image_url": null, "image": "IMG_9863edit_mxW29fk.jpg"}}, {"model": "checkout.order", "pk": 4, "fields": {"order_number": "5582E6986EEC4B6188FF8E30B9A35369", "user_profile": null, "full_name": "jaja", "email": "kaka@jaja.com", "phone_number": "28828282", "country": "929229", "postcode": null, "town_or_city": "jajaja", "street_address1": "jajajjshhs", "street_address2": null, "county": null, "date": "2022-02-10T18:21:19.249Z", "delivery_cost": "1.50", "order_total": "15.00", "grand_total": "16.50", "original_bag": "", "stripe_pid": ""}}, {"model": "checkout.order", "pk": 5, "fields": {"order_number": "E17CA496F7864F918BDA8D2628E20D42", "user_profile": null, "full_name": "Kamila Teresa Golebiowska", "email": "komfalos1@hotmail.com", "phone_number": "07891612821", "country": "United Kingdom", "postcode": "EH6 7BH", "town_or_city": "Edinburgh", "street_address1": "10/6", "street_address2": "Cadiz street", "county": "County (optional)", "date": "2022-02-10T19:32:47.818Z", "delivery_cost": "1.80", "order_total": "18.00", "grand_total": "19.80", "original_bag": "", "stripe_pid": ""}}, {"model": "checkout.order", "pk": 6, "fields": {"order_number": "6A18A72496F042A88CCC0815F67EF465", "user_profile": null, "full_name": "jajaja", "email": "jajja@jaja.com", "phone_number": "72727277272", "country": "kakjaa", "postcode": null, "town_or_city": "kakak", "street_address1": "kakak", "street_address2": null, "county": null, "date": "2022-02-10T19:35:55.999Z", "delivery_cost": "4.50", "order_total": "45.00", "grand_total": "49.50", "original_bag": "", "stripe_pid": ""}}, {"model": "checkout.order", "pk": 7, "fields": {"order_number": "DC31D82E16674290B0572CF5FA6475F4", "user_profile": null, "full_name": "kakak", "email": "kaka@kaka.com", "phone_number": "738383838", "country": "US", "postcode": "77373737", "town_or_city": "jwjwj", "street_address1": "jjwjwjw", "street_address2": null, "county": null, "date": "2022-02-10T20:58:52.205Z", "delivery_cost": "2.50", "order_total": "25.00", "grand_total": "27.50", "original_bag": "", "stripe_pid": ""}}, {"model": "checkout.order", "pk": 8, "fields": {"order_number": "7208FE047D394AEF956D6CFAA852E228", "user_profile": null, "full_name": "Kamila Teresa Golebiowska", "email": "komfalos1@hotmail.com", "phone_number": "07891612821", "country": "US", "postcode": "EH6 7BH", "town_or_city": "Edinburgh", "street_address1": "10/6", "street_address2": "Cadiz street", "county": "County (optional)", "date": "2022-02-10T21:24:11.359Z", "delivery_cost": "3.00", "order_total": "30.00", "grand_total": "33.00", "original_bag": "", "stripe_pid": ""}}, {"model": "checkout.order", "pk": 9, "fields": {"order_number": "4E0AF57260AA4205A676BEA40DB995FC", "user_profile": null, "full_name": "Kasia Golebiowska", "email": "kasiagol@hotmail.com", "phone_number": "07900654612", "country": "US", "postcode": "EH6 7BH", "town_or_city": "EDINBURGH", "street_address1": "10 flat 6", "street_address2": "Cadiz Street", "county": "Midlothian", "date": "2022-02-10T21:27:21.084Z", "delivery_cost": "4.80", "order_total": "48.00", "grand_total": "52.80", "original_bag": "", "stripe_pid": ""}}, {"model": "checkout.order", "pk": 10, "fields": {"order_number": "6BE99380C96A4AC6B6F09FDAE737440D", "user_profile": null, "full_name": "jajaj", "email": "kakaka@kaka.com", "phone_number": "828288282", "country": "US", "postcode": null, "town_or_city": "jajjajajaj", "street_address1": "jsjsjsjsjsl", "street_address2": null, "county": null, "date": "2022-02-10T21:36:37.837Z", "delivery_cost": "2.50", "order_total": "25.00", "grand_total": "27.50", "original_bag": "", "stripe_pid": ""}}, {"model": "checkout.order", "pk": 11, "fields": {"order_number": "C581EDADF9624109ABFCD9D92A0745D0", "user_profile": null, "full_name": "Kasia Golebiowska", "email": "kasiagol@hotmail.com", "phone_number": "07900654612", "country": "US", "postcode": "EH6 7BH", "town_or_city": "EDINBURGH", "street_address1": "10 flat 6", "street_address2": "Cadiz Street", "county": "Midlothian", "date": "2022-02-10T21:48:03.006Z", "delivery_cost": "2.40", "order_total": "24.00", "grand_total": "26.40", "original_bag": "", "stripe_pid": ""}}, {"model": "checkout.order", "pk": 12, "fields": {"order_number": "A1159CE5F02444F1835B53AFEE17FAD8", "user_profile": null, "full_name": "kamila goleb", "email": "komfalos1@hotmail.com", "phone_number": "07891612821", "country": "US", "postcode": "eh9 3dj", "town_or_city": "edinburgh", "street_address1": "60/1rankin drive", "street_address2": null, "county": null, "date": "2022-02-10T21:57:28.437Z", "delivery_cost": "2.50", "order_total": "25.00", "grand_total": "27.50", "original_bag": "", "stripe_pid": ""}}, {"model": "checkout.order", "pk": 13, "fields": {"order_number": "BF5138DE07CD4637A194EE119170CD59", "user_profile": null, "full_name": "Kasia Golebiowska", "email": "kasiagol@hotmail.com", "phone_number": "07900654612", "country": "US", "postcode": "EH6 7BH", "town_or_city": "EDINBURGH", "street_address1": "10 flat 6", "street_address2": "Cadiz Street", "county": "Midlothian", "date": "2022-02-10T22:03:26.357Z", "delivery_cost": "3.50", "order_total": "35.00", "grand_total": "38.50", "original_bag": "", "stripe_pid": ""}}, {"model": "checkout.order", "pk": 14, "fields": {"order_number": "5DF6B5A8915441DBA8136301B2DCE034", "user_profile": null, "full_name": "Kamila Teresa Golebiowska", "email": "komfalos1@hotmail.com", "phone_number": "07891612821", "country": "US", "postcode": null, "town_or_city": "Edinburgh", "street_address1": "10/6", "street_address2": "Cadiz street", "county": "County (optional)", "date": "2022-02-10T22:05:34.323Z", "delivery_cost": "2.40", "order_total": "24.00", "grand_total": "26.40", "original_bag": "", "stripe_pid": ""}}, {"model": "checkout.order", "pk": 15, "fields": {"order_number": "669A446B2D264ED5B4E59353343E2C61", "user_profile": null, "full_name": "jaja", "email": "kakaka@kaka.com", "phone_number": "o2oo2o2", "country": "US", "postcode": "838383", "town_or_city": "kskkss", "street_address1": "kwkwklw", "street_address2": null, "county": null, "date": "2022-02-12T15:39:10.301Z", "delivery_cost": "2.00", "order_total": "20.00", "grand_total": "22.00", "original_bag": "{\"43\": 1}", "stripe_pid": "pi_3KSNfkCv3YU8vyKQ1a8yhe82"}}, {"model": "checkout.order", "pk": 16, "fields": {"order_number": "0837B58707CB4E3C92AF7FBE2B3873C4", "user_profile": 1, "full_name": "kM", "email": "komfalos1@gmail.com", "phone_number": "867686096", "country": "GB", "postcode": null, "town_or_city": "BKJH KBNLJ", "street_address1": "NBKJKJH", "street_address2": null, "county": null, "date": "2022-02-13T21:22:50.733Z", "delivery_cost": "1.80", "order_total": "18.00", "grand_total": "19.80", "original_bag": "{\"32\": 1}", "stripe_pid": "pi_3KSpW5Cv3YU8vyKQ02hFTxOy"}}, {"model": "checkout.order", "pk": 17, "fields": {"order_number": "A810543179DB4F1093AEDEEEFCCA8AA2", "user_profile": 1, "full_name": "jkajslak", "email": "komfalos1@gmail.com", "phone_number": "867686096", "country": "GB", "postcode": null, "town_or_city": "BKJH KBNLJ", "street_address1": "NBKJKJH", "street_address2": null, "county": null, "date": "2022-02-13T22:00:59.530Z", "delivery_cost": "3.50", "order_total": "35.00", "grand_total": "38.50", "original_bag": "{\"14\": {\"items_by_size\": {\"7\": 1}}}", "stripe_pid": "pi_3KSq7UCv3YU8vyKQ1ACUuVi7"}}, {"model": "checkout.orderlineitem", "pk": 5, "fields": {"order": 4, "product": 39, "product_size": null, "quantity": 1, "lineitem_total": "15.00"}}, {"model": "checkout.orderlineitem", "pk": 6, "fields": {"order": 5, "product": 32, "product_size": null, "quantity": 1, "lineitem_total": "18.00"}}, {"model": "checkout.orderlineitem", "pk": 7, "fields": {"order": 6, "product": 38, "product_size": null, "quantity": 1, "lineitem_total": "20.00"}}, {"model": "checkout.orderlineitem", "pk": 8, "fields": {"order": 6, "product": 11, "product_size": "7", "quantity": 1, "lineitem_total": "25.00"}}, {"model": "checkout.orderlineitem", "pk": 9, "fields": {"order": 7, "product": 31, "product_size": null, "quantity": 1, "lineitem_total": "25.00"}}, {"model": "checkout.orderlineitem", "pk": 10, "fields": {"order": 8, "product": 27, "product_size": null, "quantity": 1, "lineitem_total": "30.00"}}, {"model": "checkout.orderlineitem", "pk": 11, "fields": {"order": 9, "product": 9, "product_size": "7", "quantity": 2, "lineitem_total": "48.00"}}, {"model": "checkout.orderlineitem", "pk": 12, "fields": {"order": 10, "product": 3, "product_size": "7", "quantity": 1, "lineitem_total": "25.00"}}, {"model": "checkout.orderlineitem", "pk": 13, "fields": {"order": 11, "product": 23, "product_size": null, "quantity": 1, "lineitem_total": "24.00"}}, {"model": "checkout.orderlineitem", "pk": 14, "fields": {"order": 12, "product": 3, "product_size": "7", "quantity": 1, "lineitem_total": "25.00"}}, {"model": "checkout.orderlineitem", "pk": 15, "fields": {"order": 13, "product": 14, "product_size": "7", "quantity": 1, "lineitem_total": "35.00"}}, {"model": "checkout.orderlineitem", "pk": 16, "fields": {"order": 14, "product": 9, "product_size": "7", "quantity": 1, "lineitem_total": "24.00"}}, {"model": "checkout.orderlineitem", "pk": 17, "fields": {"order": 15, "product": 43, "product_size": null, "quantity": 1, "lineitem_total": "20.00"}}, {"model": "checkout.orderlineitem", "pk": 18, "fields": {"order": 16, "product": 32, "product_size": null, "quantity": 1, "lineitem_total": "18.00"}}, {"model": "checkout.orderlineitem", "pk": 19, "fields": {"order": 17, "product": 14, "product_size": "7", "quantity": 1, "lineitem_total": "35.00"}}, {"model": "profiles.userprofile", "pk": 1, "fields": {"user": 1, "default_phone_number": "867686096", "default_street_address1": "NBKJKJH", "default_street_address2": null, "default_town_or_city": "BKJH KBNLJ", "default_county": null, "default_postcode": null, "default_country": "GB"}}]